,zinc_id,smiles,first_affinity,mean_affinity,chembldocid,reference.pubmed_id,reference.chembl_id,reference.year
0,ZINC000000001233,CC1(C)N=C(N)N=C(N)N1c1ccc(Cl)cc1,8.96,6.976999999999999,21047,15293997,CHEMBL1138679,2004
1,ZINC000000001409,CCc1nc(N)nc(N)c1-c1ccc(Cl)c(Cl)c1,9.1,8.27875,21047,15293997,CHEMBL1138679,2004
2,ZINC000000010466,COc1cc(Cc2cnc(N)nc2N)ccc1OCc1ccccc1,5.86,6.878181818181818,17636,14711307,CHEMBL1148379,2004
3,ZINC000000024946,COc1ccc(Cc2cnc(N)nc2N)cc1OC,7.94,6.716666666666666,17636,14711307,CHEMBL1148379,2004
4,ZINC000000040057,Nc1ncc(-c2ccccc2)c(N)n1,7.0,7.1475,21047,15293997,CHEMBL1138679,2004
5,ZINC000000057464,CCc1nc(N)nc(N)c1-c1ccc(Cl)cc1,9.72,7.912000000000001,11357,1495020,CHEMBL1125508,1992
6,ZINC000000128065,N/N=C(\S)Nc1ccc(OCc2ccccc2)cc1,5.7,5.49,21047,15293997,CHEMBL1138679,2004
7,ZINC000000146421,CC1(C)N=C(N)N=C(N)N1c1ccc(Br)cc1,8.96,7.863333333333333,15522,10893311,CHEMBL1133696,2000
8,ZINC000000380804,COc1ccc(Cc2cnc(N)nc2N)cc1,7.63,6.453333333333333,17636,14711307,CHEMBL1148379,2004
9,ZINC000001666573,CC1(C)N=C(N)N=C(N)N1c1ccc(Cl)c(Cl)c1,8.96,8.266666666666667,15522,10893311,CHEMBL1133696,2000
10,ZINC000001666576,CC1(C)N=C(N)N=C(N)N1c1cccc(Cl)c1,5.89,7.207692307692308,17662,14736247,CHEMBL1138835,2004
11,ZINC000001722911,CC[C@@H]1N=C(N)N=C(N)N1c1ccc(Cl)cc1,6.72,7.58,15522,10893311,CHEMBL1133696,2000
12,ZINC000001748451,NC1=N[C@@H](c2ccccc2)N(c2ccc(Cl)cc2)C(N)=N1,5.73,7.0528571428571425,17662,14736247,CHEMBL1138835,2004
13,ZINC000001749924,NC1=N[C@@H](c2ccccc2)N(c2cccc(Cl)c2)C(N)=N1,8.0,7.024615384615384,15522,10893311,CHEMBL1133696,2000
14,ZINC000002034275,CC(C)[C@H]1N=C(N)N=C(N)N1c1ccc(Cl)cc1,5.81,6.515,15522,10893311,CHEMBL1133696,2000
15,ZINC000002034277,CC(C)[C@@H]1N=C(N)N=C(N)N1c1ccc(Cl)cc1,5.81,6.515,15522,10893311,CHEMBL1133696,2000
16,ZINC000002034278,C[C@H]1N=C(N)N=C(N)N1c1ccc(Cl)cc1,6.9,6.9799999999999995,15522,10893311,CHEMBL1133696,2000
17,ZINC000002034279,C[C@@H]1N=C(N)N=C(N)N1c1ccc(Cl)cc1,6.9,6.9799999999999995,15522,10893311,CHEMBL1133696,2000
18,ZINC000002571257,NC(=S)N/N=C/c1ccc(Oc2ncc(C(F)(F)F)cc2Cl)cc1,5.64,5.234,17071,12825927,CHEMBL1145823,2003
19,ZINC000003076473,Cc1ccc(N2C(N)=NC(N)=N[C@@H]2c2ccccc2)cc1,6.77,7.4399999999999995,15522,10893311,CHEMBL1133696,2000
20,ZINC000003076474,Cc1ccc(N2C(N)=NC(N)=N[C@H]2c2ccccc2)cc1,6.77,7.4399999999999995,15522,10893311,CHEMBL1133696,2000
21,ZINC000003133773,C=CCNC(=S)NNC(=O)c1cccn(Cc2cccc(Cl)c2)c1=O,5.0,5.72,17071,12825927,CHEMBL1145823,2003
22,ZINC000003157274,CCCOc1ccc(Cc2cnc(N)nc2N)cc1,5.96,6.5675,17636,14711307,CHEMBL1148379,2004
23,ZINC000003581056,CC1(C)N=C(N)N=C(N)N1OCCCOc1cc(Cl)c(Cl)cc1Cl,8.96,8.96,21047,15293997,CHEMBL1138679,2004
24,ZINC000004322438,N/C(=N\O)c1ccc(CNC(=O)c2ccc(Cl)cc2)cc1,5.82,5.82,21047,15293997,CHEMBL1138679,2004
25,ZINC000004394094,N/C(=N\O)c1ccc(Oc2cc(Cl)cc(Cl)c2)c([N+](=O)[O-])c1,5.77,5.445,21047,15293997,CHEMBL1138679,2004
26,ZINC000004394823,N/C(=N/O)c1ccc(Oc2c(Cl)cncc2Cl)cc1,5.21,5.62,17071,12825927,CHEMBL1145823,2003
27,ZINC000004821963,C[C@H]1N=C(N)N=C(N)N1c1ccc(Cl)c(Cl)c1,8.85,8.3,15522,10893311,CHEMBL1133696,2000
28,ZINC000004983774,CC[C@H]1N=C(N)N=C(N)N1c1ccc(Cl)cc1,6.72,7.58,15522,10893311,CHEMBL1133696,2000
29,ZINC000005372203,Cc1cc2nc3n(c2cc1C)C(C)(C)NC(N)=N3,6.74,6.74,21047,15293997,CHEMBL1138679,2004
30,ZINC000005765026,Cc1[nH]c(N)cc2nc3ccccc3c1-2,5.64,5.64,21047,15293997,CHEMBL1138679,2004
31,ZINC000005884512,CCOc1ccc(Cc2cnc(N)nc2N)cc1OC,7.81,6.663333333333334,17636,14711307,CHEMBL1148379,2004
32,ZINC000005888905,COc1cc(Cc2cnc(N)nc2N)ccc1OCCCc1ccccc1,8.74,7.317142857142857,16871,11881993,CHEMBL1135602,2002
33,ZINC000005974507,Nc1ncc(Cc2ccc(OCCCc3ccccc3)cc2)c(N)n1,5.52,6.7725,17636,14711307,CHEMBL1148379,2004
34,ZINC000005974561,Nc1ncc(Cc2ccc(OCc3ccccc3)cc2)c(N)n1,7.0,6.572857142857143,17636,14711307,CHEMBL1148379,2004
35,ZINC000005992377,N=C(NO)c1cccc(CS(=O)(=O)c2ccc(Cl)cc2)c1,6.1,6.1,21047,15293997,CHEMBL1138679,2004
36,ZINC000006118700,NNc1nc2ccccc2nc1NN,5.57,5.4433333333333325,17071,12825927,CHEMBL1145823,2003
37,ZINC000006627681,COc1cc(Cc2cnc(N)nc2N)cc(OC)c1OC,8.0,6.815,31502,16750361,CHEMBL1145311,2006
38,ZINC000013282256,CCc1nc(N)nc(N)c1-c1ccc(Br)cc1,9.52,8.3625,16871,11881993,CHEMBL1135602,2002
39,ZINC000013282257,CCc1nc(N)nc(N)c1-c1ccccc1,7.0,7.753333333333334,21047,15293997,CHEMBL1138679,2004
40,ZINC000013282284,Cc1nc(N)nc(N)c1-c1ccc(Cl)cc1,9.08,7.9025,21047,15293997,CHEMBL1138679,2004
41,ZINC000013284968,Cc1nc(N)nc(N)c1-c1ccccc1,7.96,7.4875,16871,11881993,CHEMBL1135602,2002
42,ZINC000013468996,COC(=O)c1sccc1-c1ccc(/C(C)=N/NC(N)=O)o1,5.38,5.17,17071,12825927,CHEMBL1145823,2003
43,ZINC000013469871,C/C(=N\N=C(/N)S)c1ccc(Oc2c(Cl)cncc2Cl)cc1,6.0,5.967142857142856,17071,12825927,CHEMBL1145823,2003
44,ZINC000013472712,CCc1nc(N)nc(N)c1-c1ccc(C)cc1,9.4,8.16625,16871,11881993,CHEMBL1135602,2002
45,ZINC000013472713,CCc1nc(N)nc(N)c1-c1ccc(C(C)(C)C)cc1,9.22,7.564,16871,11881993,CHEMBL1135602,2002
46,ZINC000013472714,CCc1nc(N)nc(N)c1-c1ccc(-c2ccccc2)cc1,6.73,6.332,16871,11881993,CHEMBL1135602,2002
47,ZINC000013472715,CCc1nc(N)nc(N)c1-c1ccc(OC)cc1,9.05,8.105,16871,11881993,CHEMBL1135602,2002
48,ZINC000013472716,CCc1nc(N)nc(N)c1-c1cccc(Cl)c1,9.52,7.7441176470588236,14888,9554869,CHEMBL1131602,1998
49,ZINC000013472717,CCc1nc(N)nc(N)c1-c1ccc2c(c1)OCO2,8.96,7.73125,16871,11881993,CHEMBL1135602,2002
50,ZINC000013472718,CCc1nc(N)nc(N)c1-c1ccc(Cl)cc1Cl,9.04,7.2025,21047,15293997,CHEMBL1138679,2004
51,ZINC000013472719,CCc1nc(N)nc(N)c1-c1ccc(OCc2ccc(Cl)cc2Cl)c(OC)c1,9.0,8.0175,16871,11881993,CHEMBL1135602,2002
52,ZINC000013472720,CCOc1c(Br)cc(-c2c(N)nc(N)nc2CC)cc1Br,7.43,7.0575,21047,15293997,CHEMBL1138679,2004
53,ZINC000013472721,Nc1ncc(-c2ccc(Cl)cc2)c(N)n1,9.13,7.609999999999999,21047,15293997,CHEMBL1138679,2004
54,ZINC000013472722,COC(=O)CCCc1nc(N)nc(N)c1-c1ccc(Cl)cc1,9.85,8.12875,21047,15293997,CHEMBL1138679,2004
55,ZINC000013472723,Nc1nc(N)c(-c2ccc(Cl)cc2)c(CCCc2ccccc2)n1,9.15,8.088750000000001,16871,11881993,CHEMBL1135602,2002
56,ZINC000013472724,COC(=O)CCCc1nc(N)nc(N)c1-c1ccccc1,9.22,8.42,16871,11881993,CHEMBL1135602,2002
57,ZINC000013472725,CCCCCCc1nc(N)nc(N)c1-c1ccccc1,9.52,7.843846153846154,16871,11881993,CHEMBL1135602,2002
58,ZINC000013472726,Nc1nc(N)c(-c2ccccc2)c(CCCc2ccccc2)n1,9.3,7.74909090909091,16871,11881993,CHEMBL1135602,2002
59,ZINC000013472727,Nc1ncc(-c2cccc(Cl)c2)c(N)n1,7.58,7.0920000000000005,16871,11881993,CHEMBL1135602,2002
60,ZINC000013472728,Cc1nc(N)nc(N)c1-c1cccc(Cl)c1,8.72,7.876666666666667,16871,11881993,CHEMBL1135602,2002
61,ZINC000013472729,COC(=O)CCCc1nc(N)nc(N)c1-c1cccc(Cl)c1,9.3,8.905714285714286,16871,11881993,CHEMBL1135602,2002
62,ZINC000013472730,Nc1nc(N)c(-c2cccc(Cl)c2)c(CCCc2ccccc2)n1,8.92,7.2683333333333335,16871,11881993,CHEMBL1135602,2002
63,ZINC000013472731,COc1ccc(CCCc2nc(N)nc(N)c2-c2cccc(Cl)c2)cc1,8.89,7.406923076923078,17662,14736247,CHEMBL1138835,2004
64,ZINC000013472732,Nc1nc(N)c(-c2cccc(Cl)c2)c(CCOCCCOc2ccccc2)n1,9.4,7.625384615384615,16871,11881993,CHEMBL1135602,2002
65,ZINC000013472733,COc1cc(Cc2cnc(N)nc2N)cc(OC)c1OCc1ccccc1,8.38,7.576666666666667,16871,11881993,CHEMBL1135602,2002
66,ZINC000013472734,CCOc1cc(Cc2cnc(N)nc2N)ccc1OCc1ccccc1,9.1,7.493636363636364,17636,14711307,CHEMBL1148379,2004
67,ZINC000013472735,Nc1ncc(Cc2ccc(OCc3ccccc3)c(OCc3ccccc3)c2)c(N)n1,8.77,6.815714285714286,16871,11881993,CHEMBL1135602,2002
68,ZINC000013472736,Cc1nc(N)nc(N)c1Cc1ccc(OCc2ccccc2)c(OCc2ccccc2)c1,6.76,6.70375,17636,14711307,CHEMBL1148379,2004
69,ZINC000013472737,CCc1nc(N)nc(N)c1Cc1ccc(OCc2ccccc2)c(OCc2ccccc2)c1,7.7,6.674666666666667,17636,14711307,CHEMBL1148379,2004
70,ZINC000013472738,COc1cc(COc2cc(Cc3cnc(N)nc3N)ccc2OCc2ccccc2)cc(OC)c1OC,7.92,6.989999999999999,16871,11881993,CHEMBL1135602,2002
71,ZINC000013472739,COc1cc(COc2ccc(Cc3cnc(N)nc3N)cc2)cc(OC)c1OC,8.89,7.495833333333334,16871,11881993,CHEMBL1135602,2002
72,ZINC000013472740,COc1cc(Cc2cnc(N)nc2N)ccc1OCc1cc(OC)c(OC)c(OC)c1,9.22,7.598333333333334,16871,11881993,CHEMBL1135602,2002
73,ZINC000013472741,CCOc1cc(Cc2cnc(N)nc2N)ccc1OCc1cc(OC)c(OC)c(OC)c1,9.52,7.624285714285714,16871,11881993,CHEMBL1135602,2002
74,ZINC000013472742,CCCOc1cc(Cc2cnc(N)nc2N)ccc1OCc1cc(OC)c(OC)c(OC)c1,9.4,7.20625,16871,11881993,CHEMBL1135602,2002
75,ZINC000013472743,CCCCOc1cc(Cc2cnc(N)nc2N)ccc1OCc1cc(OC)c(OC)c(OC)c1,9.4,7.573076923076924,16871,11881993,CHEMBL1135602,2002
76,ZINC000013472744,Nc1ncc(Cc2ccc(OCCCOc3cc(Cl)c(Cl)cc3Cl)cc2)c(N)n1,9.05,7.3875,16871,11881993,CHEMBL1135602,2002
77,ZINC000013476267,C[C@@H]1N=C(N)N=C(N)N1c1ccc(Br)cc1,6.69,7.465,15522,10893311,CHEMBL1133696,2000
78,ZINC000013476268,C[C@H]1N=C(N)N=C(N)N1c1ccc(Br)cc1,6.69,7.465,15522,10893311,CHEMBL1133696,2000
79,ZINC000013476270,Cc1ccc(N2C(N)=NC(N)=N[C@H]2C)cc1,6.73,7.1850000000000005,15522,10893311,CHEMBL1133696,2000
80,ZINC000013476271,Cc1ccc(N2C(N)=NC(N)=N[C@@H]2C)cc1,6.73,7.1850000000000005,15522,10893311,CHEMBL1133696,2000
81,ZINC000013476276,CCCCCC[C@@]1(C)N=C(N)N=C(N)N1c1ccc(Cl)cc1,9.22,6.620909090909091,17662,14736247,CHEMBL1138835,2004
82,ZINC000013476277,CCCCCC[C@]1(C)N=C(N)N=C(N)N1c1ccc(Cl)cc1,9.22,6.620909090909091,17662,14736247,CHEMBL1138835,2004
83,ZINC000013476289,NC1=N[C@@H](c2ccccc2)N(c2ccc(Br)cc2)C(N)=N1,8.54,7.795,15522,10893311,CHEMBL1133696,2000
84,ZINC000013476290,NC1=N[C@H](c2ccccc2)N(c2ccc(Br)cc2)C(N)=N1,8.54,7.795,15522,10893311,CHEMBL1133696,2000
85,ZINC000013476296,NC1=N[C@@H](c2ccccc2)N(c2ccc(Cl)c(Cl)c2)C(N)=N1,8.8,8.38,15522,10893311,CHEMBL1133696,2000
86,ZINC000013476298,NC1=N[C@H](c2ccccc2)N(c2ccc(Cl)c(Cl)c2)C(N)=N1,8.8,8.38,15522,10893311,CHEMBL1133696,2000
87,ZINC000013488367,C[C@@H]1N=C(N)N=C(N)N1c1cccc(Cl)c1,7.99,7.86,15522,10893311,CHEMBL1133696,2000
88,ZINC000013488368,C[C@H]1N=C(N)N=C(N)N1c1cccc(Cl)c1,7.99,7.86,15522,10893311,CHEMBL1133696,2000
89,ZINC000013532846,CCCCCOc1ccc(Cc2cnc(N)nc2N)cc1,6.86,6.81,17636,14711307,CHEMBL1148379,2004
90,ZINC000013532849,CCCOc1cc(Cc2cnc(N)nc2N)ccc1OC,8.74,7.225,17636,14711307,CHEMBL1148379,2004
91,ZINC000013532854,CCCCOc1cc(Cc2cnc(N)nc2N)ccc1OC,5.99,6.8525,17636,14711307,CHEMBL1148379,2004
92,ZINC000013532859,CCCCCOc1cc(Cc2cnc(N)nc2N)ccc1OC,6.87,7.12,17636,14711307,CHEMBL1148379,2004
93,ZINC000013532863,CCCCCOc1ccc(Cc2cnc(N)nc2N)cc1OCC,8.8,7.025,17636,14711307,CHEMBL1148379,2004
94,ZINC000013532872,Nc1ncc(Cc2cccc(OCc3ccccc3)c2)c(N)n1,6.95,6.565555555555555,17636,14711307,CHEMBL1148379,2004
95,ZINC000013532877,Nc1ncc(Cc2cccc(Oc3ccccc3)c2)c(N)n1,6.82,6.565555555555555,17636,14711307,CHEMBL1148379,2004
96,ZINC000013532881,COc1ccc(Cc2cnc(N)nc2N)cc1OCc1ccccc1,5.95,6.478999999999999,17636,14711307,CHEMBL1148379,2004
97,ZINC000013532888,CCOc1cc(Cc2cnc(N)nc2N)ccc1OCCCc1ccccc1,9.0,7.42,17636,14711307,CHEMBL1148379,2004
98,ZINC000013532891,Nc1ncc(Cc2ccc(OCCCOc3ccccc3)cc2)c(N)n1,6.77,6.734999999999999,17636,14711307,CHEMBL1148379,2004
99,ZINC000013532895,COc1cc(Cc2cnc(N)nc2N)ccc1OCCCOc1ccccc1,8.7,7.234999999999999,17636,14711307,CHEMBL1148379,2004
100,ZINC000013532899,CCOc1cc(Cc2cnc(N)nc2N)ccc1OCCCOc1ccccc1,9.22,7.3575,17636,14711307,CHEMBL1148379,2004
101,ZINC000013532904,Nc1ncc(Cc2ccc(OCCCOCCCOc3ccccc3)cc2)c(N)n1,6.97,6.875,17636,14711307,CHEMBL1148379,2004
102,ZINC000013532909,COc1cc(Cc2cnc(N)nc2N)ccc1OCCCOCCCOc1ccccc1,8.74,6.895,17636,14711307,CHEMBL1148379,2004
103,ZINC000013532914,CCOc1cc(Cc2cnc(N)nc2N)ccc1OCCCOCCCOc1ccccc1,8.64,7.125,17636,14711307,CHEMBL1148379,2004
104,ZINC000013532920,COc1cc(Cc2c(C)nc(N)nc2N)cc(OC)c1OC,5.87,6.178571428571429,17636,14711307,CHEMBL1148379,2004
105,ZINC000013532925,CCc1nc(N)nc(N)c1Cc1cc(OC)c(OC)c(OC)c1,6.93,6.635714285714286,17636,14711307,CHEMBL1148379,2004
106,ZINC000013532930,COc1cc(Cc2c(C)nc(N)nc2N)ccc1OCc1ccccc1,5.99,6.717272727272728,17636,14711307,CHEMBL1148379,2004
107,ZINC000013532934,CCc1nc(N)nc(N)c1Cc1ccc(OCc2ccccc2)c(OC)c1,6.92,6.537999999999999,17636,14711307,CHEMBL1148379,2004
108,ZINC000013532938,CCCOc1cc(Cc2c(N)nc(N)nc2CC)ccc1OCc1cc(OC)c(OC)c(OC)c1,8.74,7.255,17636,14711307,CHEMBL1148379,2004
109,ZINC000013555336,CCc1nc(N)nc(N)c1-c1cccc(OC)c1,8.97,7.886,14888,9554869,CHEMBL1131602,1998
110,ZINC000013559291,Nc1nc(N)c(-c2ccccc2)c(CCCO)n1,6.92,6.87,17662,14736247,CHEMBL1138835,2004
111,ZINC000013559292,Nc1nc(N)c(-c2cccc(Cl)c2)c(CCCO)n1,5.96,6.7125,17662,14736247,CHEMBL1138835,2004
112,ZINC000013559293,CC(=O)OCCCc1nc(N)nc(N)c1-c1ccccc1,7.97,7.66,17662,14736247,CHEMBL1138835,2004
113,ZINC000013559294,CC(=O)OCCCc1nc(N)nc(N)c1-c1cccc(Cl)c1,8.74,6.9675,17662,14736247,CHEMBL1138835,2004
114,ZINC000013559295,Nc1nc(N)c(-c2ccccc2)c(CCCOC(=O)c2ccccc2)n1,9.15,8.51,17662,14736247,CHEMBL1138835,2004
115,ZINC000013559296,Nc1nc(N)c(-c2cccc(Cl)c2)c(CCCOC(=O)c2ccccc2)n1,9.1,6.9399999999999995,17662,14736247,CHEMBL1138835,2004
116,ZINC000013559297,Nc1nc(N)c(-c2cccc(Cl)c2)c(CCCOC(=O)OCc2ccccc2)n1,9.1,7.394285714285714,17662,14736247,CHEMBL1138835,2004
117,ZINC000013559298,CCC[C@@]1(C)N=C(N)N=C(N)N1c1ccc(Cl)cc1,8.46,6.106,17662,14736247,CHEMBL1138835,2004
118,ZINC000013559299,CCC[C@]1(C)N=C(N)N=C(N)N1c1ccc(Cl)cc1,8.46,6.106,17662,14736247,CHEMBL1138835,2004
119,ZINC000013559300,CC(C)[C@@]1(C)N=C(N)N=C(N)N1c1cccc(Cl)c1,6.71,6.5920000000000005,17662,14736247,CHEMBL1138835,2004
120,ZINC000013559301,CC(C)[C@]1(C)N=C(N)N=C(N)N1c1cccc(Cl)c1,6.71,6.5920000000000005,17662,14736247,CHEMBL1138835,2004
121,ZINC000013559302,CC(C)[C@@]1(C)N=C(N)N=C(N)N1c1ccc(Cl)cc1,5.86,6.213333333333334,17662,14736247,CHEMBL1138835,2004
122,ZINC000013559303,CC(C)[C@]1(C)N=C(N)N=C(N)N1c1ccc(Cl)cc1,5.86,6.213333333333334,17662,14736247,CHEMBL1138835,2004
123,ZINC000013559304,CCC[C@@]1(C)N=C(N)N=C(N)N1c1cccc(Cl)c1,5.96,7.038888888888889,17662,14736247,CHEMBL1138835,2004
124,ZINC000013559305,CCC[C@]1(C)N=C(N)N=C(N)N1c1cccc(Cl)c1,5.96,7.038888888888889,17662,14736247,CHEMBL1138835,2004
125,ZINC000013559306,CCCCCC[C@@]1(C)N=C(N)N=C(N)N1c1cccc(Cl)c1,7.0,7.123,17662,14736247,CHEMBL1138835,2004
126,ZINC000013559307,CCCCCC[C@]1(C)N=C(N)N=C(N)N1c1cccc(Cl)c1,7.0,7.123,17662,14736247,CHEMBL1138835,2004
127,ZINC000013559308,NC1=N[C@@H](c2ccc(Oc3ccccc3)cc2)N(c2ccc(Cl)cc2)C(N)=N1,9.4,6.785454545454545,17662,14736247,CHEMBL1138835,2004
128,ZINC000013559309,NC1=N[C@@H](c2ccc(Oc3ccccc3)cc2)N(c2ccc(Cl)cc2)C(N)=N1,9.4,6.785454545454545,17662,14736247,CHEMBL1138835,2004
129,ZINC000013559310,NC1=N[C@@H](c2ccc(Oc3ccccc3)cc2)N(c2cccc(Cl)c2)C(N)=N1,9.52,7.689,17662,14736247,CHEMBL1138835,2004
130,ZINC000013559311,NC1=N[C@H](c2ccc(Oc3ccccc3)cc2)N(c2cccc(Cl)c2)C(N)=N1,9.52,7.689,17662,14736247,CHEMBL1138835,2004
131,ZINC000013559312,NC1=N[C@@H](c2cccc(Oc3ccccc3)c2)N(c2ccc(Cl)cc2)C(N)=N1,9.3,7.8,17662,14736247,CHEMBL1138835,2004
132,ZINC000013559313,NC1=N[C@H](c2cccc(Oc3ccccc3)c2)N(c2ccc(Cl)cc2)C(N)=N1,9.3,7.8,17662,14736247,CHEMBL1138835,2004
133,ZINC000013559314,NC1=N[C@@H](c2cccc(Oc3ccccc3)c2)N(c2cccc(Cl)c2)C(N)=N1,8.96,6.914,17662,14736247,CHEMBL1138835,2004
134,ZINC000013559315,NC1=N[C@H](c2cccc(Oc3ccccc3)c2)N(c2cccc(Cl)c2)C(N)=N1,8.96,6.914,17662,14736247,CHEMBL1138835,2004
135,ZINC000013559316,NC1=N[C@@H](c2cccc(OCc3ccccc3)c2)N(c2ccc(Cl)cc2)C(N)=N1,9.15,7.266,17662,14736247,CHEMBL1138835,2004
136,ZINC000013559317,NC1=N[C@H](c2cccc(OCc3ccccc3)c2)N(c2ccc(Cl)cc2)C(N)=N1,9.15,7.266,17662,14736247,CHEMBL1138835,2004
137,ZINC000013559318,NC1=N[C@@H](c2cccc(OCc3ccccc3)c2)N(c2cccc(Cl)c2)C(N)=N1,6.72,6.68,17662,14736247,CHEMBL1138835,2004
138,ZINC000013559319,NC1=N[C@H](c2cccc(OCc3ccccc3)c2)N(c2cccc(Cl)c2)C(N)=N1,6.72,6.68,17662,14736247,CHEMBL1138835,2004
139,ZINC000013559320,NC1=N[C@@H](c2cccc(Oc3ccc(Cl)cc3)c2)N(c2ccc(Cl)cc2)C(N)=N1,8.85,6.601000000000001,17662,14736247,CHEMBL1138835,2004
140,ZINC000013559321,NC1=N[C@H](c2cccc(Oc3ccc(Cl)cc3)c2)N(c2ccc(Cl)cc2)C(N)=N1,8.85,6.601000000000001,17662,14736247,CHEMBL1138835,2004
141,ZINC000013559322,NC1=N[C@@H](c2cccc(Oc3ccc(Cl)cc3)c2)N(c2cccc(Cl)c2)C(N)=N1,8.89,6.960909090909092,17662,14736247,CHEMBL1138835,2004
142,ZINC000013559323,NC1=N[C@H](c2cccc(Oc3ccc(Cl)cc3)c2)N(c2cccc(Cl)c2)C(N)=N1,8.89,6.960909090909092,17662,14736247,CHEMBL1138835,2004
143,ZINC000013559324,CCCOc1ccc([C@@H]2N=C(N)N=C(N)N2c2cccc(Cl)c2)cc1,9.3,7.601999999999999,17662,14736247,CHEMBL1138835,2004
144,ZINC000013559325,CCCOc1ccc([C@H]2N=C(N)N=C(N)N2c2cccc(Cl)c2)cc1,9.3,7.601999999999999,17662,14736247,CHEMBL1138835,2004
145,ZINC000013559326,NC1=N[C@@H](c2cccc(Oc3cc(Cl)cc(Cl)c3)c2)N(c2cccc(Cl)c2)C(N)=N1,9.22,7.281000000000001,17662,14736247,CHEMBL1138835,2004
146,ZINC000013559327,NC1=N[C@H](c2cccc(Oc3cc(Cl)cc(Cl)c3)c2)N(c2cccc(Cl)c2)C(N)=N1,9.22,7.281000000000001,17662,14736247,CHEMBL1138835,2004
147,ZINC000013559328,NC1=N[C@@H](c2cccc(Oc3cccc(C(F)(F)F)c3)c2)N(c2cccc(Cl)c2)C(N)=N1,9.22,7.361111111111111,17662,14736247,CHEMBL1138835,2004
148,ZINC000013559329,NC1=N[C@H](c2cccc(Oc3cccc(C(F)(F)F)c3)c2)N(c2cccc(Cl)c2)C(N)=N1,9.22,7.361111111111111,17662,14736247,CHEMBL1138835,2004
149,ZINC000013809204,NC1=NCN(c2ccc(Cl)cc2)C(N)=N1,9.08,7.626666666666668,21047,15293997,CHEMBL1138679,2004
150,ZINC000013809206,CCC[C@@H]1N=C(N)N=C(N)N1c1ccc(Cl)cc1,6.97,7.654999999999999,15522,10893311,CHEMBL1133696,2000
151,ZINC000013809208,CCC[C@H]1N=C(N)N=C(N)N1c1ccc(Cl)cc1,6.97,7.654999999999999,15522,10893311,CHEMBL1133696,2000
152,ZINC000013809210,CCCC[C@@H]1N=C(N)N=C(N)N1c1ccc(Cl)cc1,6.78,7.605,15522,10893311,CHEMBL1133696,2000
153,ZINC000013809212,CCCC[C@H]1N=C(N)N=C(N)N1c1ccc(Cl)cc1,6.78,7.605,15522,10893311,CHEMBL1133696,2000
154,ZINC000013809214,CC(C)(C)[C@@H]1N=C(N)N=C(N)N1c1ccc(Cl)cc1,5.42,5.42,15522,10893311,CHEMBL1133696,2000
155,ZINC000013809216,CC(C)(C)[C@H]1N=C(N)N=C(N)N1c1ccc(Cl)cc1,5.42,5.42,15522,10893311,CHEMBL1133696,2000
156,ZINC000013809218,CC[C@@H]1N=C(N)N=C(N)N1c1ccc(Br)cc1,6.69,7.465,15522,10893311,CHEMBL1133696,2000
157,ZINC000013809220,CC[C@H]1N=C(N)N=C(N)N1c1ccc(Br)cc1,6.69,7.465,15522,10893311,CHEMBL1133696,2000
158,ZINC000013809222,CCC[C@@H]1N=C(N)N=C(N)N1c1ccc(Br)cc1,6.9,7.745,15522,10893311,CHEMBL1133696,2000
159,ZINC000013809223,CCC[C@H]1N=C(N)N=C(N)N1c1ccc(Br)cc1,6.9,7.745,15522,10893311,CHEMBL1133696,2000
160,ZINC000013809225,CC(C)[C@@H]1N=C(N)N=C(N)N1c1ccc(Br)cc1,5.92,6.72,15522,10893311,CHEMBL1133696,2000
161,ZINC000013809227,CC(C)[C@H]1N=C(N)N=C(N)N1c1ccc(Br)cc1,5.92,6.72,15522,10893311,CHEMBL1133696,2000
162,ZINC000013809229,CC[C@@H]1N=C(N)N=C(N)N1c1ccc(C)cc1,6.89,7.5600000000000005,15522,10893311,CHEMBL1133696,2000
163,ZINC000013809231,CC[C@H]1N=C(N)N=C(N)N1c1ccc(C)cc1,6.89,7.5600000000000005,15522,10893311,CHEMBL1133696,2000
164,ZINC000013809233,CCC[C@@H]1N=C(N)N=C(N)N1c1ccc(C)cc1,7.86,7.295,15522,10893311,CHEMBL1133696,2000
165,ZINC000013809235,CCC[C@H]1N=C(N)N=C(N)N1c1ccc(C)cc1,7.86,7.295,15522,10893311,CHEMBL1133696,2000
166,ZINC000013809237,Cc1ccc(N2C(N)=NC(N)=N[C@H]2C(C)C)cc1,5.84,6.3100000000000005,15522,10893311,CHEMBL1133696,2000
167,ZINC000013809239,Cc1ccc(N2C(N)=NC(N)=N[C@@H]2C(C)C)cc1,5.84,6.3100000000000005,15522,10893311,CHEMBL1133696,2000
168,ZINC000013809241,NC1=NCN(c2ccccc2)C(N)=N1,6.48,6.593333333333334,15522,10893311,CHEMBL1133696,2000
169,ZINC000013809243,NC1=NCN(c2ccc(F)cc2)C(N)=N1,6.57,6.653333333333333,15522,10893311,CHEMBL1133696,2000
170,ZINC000013858385,CNC(=S)NNC(=O)c1cccn(Cc2cccc(Cl)c2)c1=O,5.74,5.5425,17071,12825927,CHEMBL1145823,2003
171,ZINC000016981849,CC1(C)N=C(N)N=C(N)N1c1ccccc1,5.86,6.803333333333334,15522,10893311,CHEMBL1133696,2000
172,ZINC000017039796,NC1=N[C@H](c2ccccc2)N(c2ccc(Cl)cc2)C(N)=N1,5.73,7.0528571428571425,17662,14736247,CHEMBL1138835,2004
173,ZINC000017040301,NC1=N[C@H](c2ccccc2)N(c2cccc(Cl)c2)C(N)=N1,8.0,7.024615384615384,15522,10893311,CHEMBL1133696,2000
174,ZINC000017040529,Cc1ccc(N2C(N)=NC(N)=NC2(C)C)cc1,8.8,7.78,21047,15293997,CHEMBL1138679,2004
175,ZINC000017126763,CC1(C)N=C(N)N=C(N)N1c1ccc(F)cc1,5.79,6.966666666666666,15522,10893311,CHEMBL1133696,2000
176,ZINC000017353521,C[C@@H]1N=C(N)N=C(N)N1c1ccc(Cl)c(Cl)c1,8.85,8.3,15522,10893311,CHEMBL1133696,2000
177,ZINC000017949002,N/C(S)=N/N=C/c1ccccc1,5.05,5.05,17071,12825927,CHEMBL1145823,2003
178,ZINC000027732635,NC1=N[C@@H](c2cccc(OCCCOc3cc(Cl)c(Cl)cc3Cl)c2)N(c2cccc(Cl)c2)C(N)=N1,8.7,6.874545454545455,17662,14736247,CHEMBL1138835,2004
179,ZINC000027732640,NC1=N[C@H](c2cccc(OCCCOc3cc(Cl)c(Cl)cc3Cl)c2)N(c2cccc(Cl)c2)C(N)=N1,8.7,6.874545454545455,17662,14736247,CHEMBL1138835,2004
180,ZINC000034801983,CCCCCCCOc1ccc(Cc2cnc(N)nc2N)cc1,5.86,6.495,17636,14711307,CHEMBL1148379,2004
181,ZINC000034801984,CCCCCCCOc1cc(Cc2cnc(N)nc2N)ccc1OC,6.99,7.095000000000001,17636,14711307,CHEMBL1148379,2004
182,ZINC000034801985,CCCCCCC[C@@H]1N=C(N)N=C(N)N1c1cccc(Cl)c1,9.52,7.811818181818182,17662,14736247,CHEMBL1138835,2004
183,ZINC000034801986,CCCCCCC[C@H]1N=C(N)N=C(N)N1c1cccc(Cl)c1,9.52,7.811818181818182,17662,14736247,CHEMBL1138835,2004
184,ZINC000095600434,NC(=O)c1ccc[n+]([C@H]2O[C@@H](CO[P@@](=O)(O)O[P@@](=O)(O)OC[C@H]3O[C@@H](n4cnc5c(N)ncnc54)[C@H](OP(=O)(O)O)[C@@H]3O)[C@H](O)[C@@H]2O)c1,7.84,8.085,14888,9554869,CHEMBL1131602,1998
