molecule_chembl_id,smiles,pKi_mean_value,mean_Ki_value,pKi_first_value,first_Ki_value,pKi_last_value,last_Ki_value,target_organism
CHEMBL2364573,NC(=O)c1ccc[n+]([C@H]2O[C@@H](COP(=O)([O-])OP(=O)(O)OC[C@H]3O[C@@H](n4cnc5c(N)ncnc54)[C@H](OP(=O)(O)O)[C@@H]3O)[C@H](O)[C@@H]2O)c1,8.098723353771526,7.966666666666666,8.327902142064282,4.7,7.838631997765026,14.5,Plasmodium falciparum K1
CHEMBL324775,CCCCCCCOc1cc(Cc2cnc(N)nc2N)ccc1OC,6.675666091058281,211.025,8.508638306165727,3.1,6.351542405717478,445.1,Plasmodium falciparum K1
CHEMBL416373,CCCCOc1cc(Cc2cnc(N)nc2N)ccc1OCc1cc(OC)c(OC)c(OC)c1,7.267721148097243,53.98571428571429,9.397940008672037,0.4,8.2518119729938,5.6,Plasmodium falciparum K1
CHEMBL291931,COc1ccc(Cc2cnc(N)nc2N)cc1OCc1ccccc1,6.321026624080234,477.5,8.142667503568731,7.2,5.947075316292271,1129.6,Plasmodium falciparum K1
CHEMBL119188,CCOc1cc(Cc2cnc(N)nc2N)ccc1OCCCOc1ccccc1,6.608711951404702,246.20000000000002,9.221848749616356,0.6,6.1134528766088945,770.1,Plasmodium falciparum K1
CHEMBL747,CC1(C)N=C(N)N=C(N)N1c1ccc(Cl)cc1,6.299545078534942,501.71250000000003,8.585026652029182,2.6,8.958607314841775,1.1,Plasmodium falciparum K1
CHEMBL29773,CCc1nc(N)nc(N)c1-c1cccc(OC)c1,7.788679184594107,16.2675,8.97061622231479,1.07,7.443697499232712,36.0,Plasmodium falciparum K1
CHEMBL30937,CCCCCCCOc1ccc(Cc2cnc(N)nc2N)cc1,6.021990768602926,950.625,7.7495799976911055,17.8,5.860120913598763,1380.0,Plasmodium falciparum K1
CHEMBL22138,Nc1ncc(Cc2ccc(OCc3ccccc3)c(OCc3ccccc3)c2)c(N)n1,6.356054087251933,440.5,8.769551078621726,1.7,7.220403508742176,60.2,Plasmodium falciparum K1
CHEMBL56146,Nc1ncc(Cc2ccc(OCc3ccccc3)cc2)c(N)n1,5.843284310195489,1434.55,8.187086643357144,6.5,5.333791002564274,4636.7,Plasmodium falciparum K1
CHEMBL119086,CCCOc1cc(Cc2c(N)nc(N)nc2CC)ccc1OCc1cc(OC)c(OC)c(OC)c1,6.648880390262328,224.45,8.744727494896694,1.8,6.159204101152906,693.1,Plasmodium falciparum K1
CHEMBL325533,COc1cc(Cc2c(C)nc(N)nc2N)cc(OC)c1OC,6.050963916741642,889.275,7.4179366370882915,38.2,5.786668219293407,1634.3,Plasmodium falciparum K1
CHEMBL326989,CCCOc1ccc(Cc2cnc(N)nc2N)cc1,6.1493690787146384,708.9749999999999,7.82102305270683,15.1,5.818728228440539,1518.0,Plasmodium falciparum K1
CHEMBL22139,CCCOc1cc(Cc2cnc(N)nc2N)ccc1OCc1cc(OC)c(OC)c(OC)c1,7.270256844950872,53.67142857142858,9.397940008672037,0.4,8.455931955649724,3.5,Plasmodium falciparum K1
CHEMBL274031,Nc1ncc(Cc2cccc(OCc3ccccc3)c2)c(N)n1,6.564354678192426,272.67499999999995,8.200659450546418,6.3,6.3415116186909835,455.5,Plasmodium falciparum K1
CHEMBL118581,CCCCOc1cc(Cc2cnc(N)nc2N)ccc1OC,6.300661002154397,500.42499999999995,8.602059991327963,2.5,5.985773570610771,1033.3,Plasmodium falciparum K1
CHEMBL119224,Nc1ncc(Cc2cccc(Oc3ccccc3)c2)c(N)n1,6.63846102873072,229.89999999999998,8.275724130399212,5.3,6.173018663088007,671.4,Plasmodium falciparum K1
CHEMBL22137,CCc1nc(N)nc(N)c1Cc1ccc(OCc2ccccc2)c(OCc2ccccc2)c1,6.981715691573469,104.29999999999998,8.431798275933005,3.7,7.003926345514724,99.1,Plasmodium falciparum K1
CHEMBL19023,COc1ccc(Cc2cnc(N)nc2N)cc1,5.205226235568985,6234.1,7.628932137728263,23.5,4.688436846680087,20491.0,Plasmodium falciparum K1
CHEMBL119189,CCCCCOc1ccc(Cc2cnc(N)nc2N)cc1OCC,6.277283832511506,528.1,8.795880017344075,1.6,6.044937930324968,901.7,Plasmodium falciparum K1
CHEMBL118668,Nc1ncc(Cc2ccc(OCCCc3ccccc3)cc2)c(N)n1,6.009861019948719,977.5500000000001,8.229147988357855,5.9,6.0961506619033194,801.4,Plasmodium falciparum K1
CHEMBL278847,CCc1nc(N)nc(N)c1-c1cccc(Cl)c1,8.058488567365597,8.74,9.522878745280337,0.3,7.142667503568731,72.0,Plasmodium falciparum K1
CHEMBL333779,CCOc1cc(Cc2cnc(N)nc2N)ccc1OCCCc1ccccc1,6.642541614354965,227.75,9.0,1.0,6.279592599196891,525.3,Plasmodium falciparum K1
CHEMBL118425,Nc1ncc(Cc2ccc(OCCCOCCCOc3ccccc3)cc2)c(N)n1,6.308189399375062,491.825,8.154901959985743,7.0,5.798876102792621,1589.0,Plasmodium falciparum K1
CHEMBL416376,COc1cc(COc2ccc(Cc3cnc(N)nc3N)cc2)cc(OC)c1OC,7.063558071408315,86.38571428571427,8.886056647693163,1.3,8.2839966563652,5.2,Plasmodium falciparum K1
CHEMBL118652,COc1cc(Cc2cnc(N)nc2N)ccc1OCCCOCCCOc1ccccc1,6.159298100896841,692.9499999999999,8.744727494896694,1.8,5.659218892368828,2191.7,Plasmodium falciparum K1
CHEMBL118602,CCc1nc(N)nc(N)c1Cc1ccc(OCc2ccccc2)c(OC)c1,5.945597633193432,1133.4499999999998,8.455931955649724,3.5,6.1351923709738525,732.5,Plasmodium falciparum K1
CHEMBL118202,CCOc1cc(Cc2cnc(N)nc2N)ccc1OCCCOCCCOc1ccccc1,6.4880164287798845,325.075,8.638272163982407,2.3,6.028075050815809,937.4,Plasmodium falciparum K1
CHEMBL22,COc1cc(Cc2cnc(N)nc2N)cc(OC)c1OC,5.73147885916139,1855.7571428571428,7.987162775294828,10.3,6.616005210558267,242.1,Plasmodium falciparum K1
CHEMBL419055,CCc1nc(N)nc(N)c1Cc1cc(OC)c(OC)c(OC)c1,6.4931230677397025,321.275,8.366531544420413,4.3,6.156393528075489,697.6,Plasmodium falciparum K1
CHEMBL19633,COc1ccc(Cc2cnc(N)nc2N)cc1OC,5.378016660059915,4187.775,7.939302159646388,11.5,4.858299443002609,13858.0,Plasmodium falciparum K1
CHEMBL22327,COc1cc(Cc2cnc(N)nc2N)ccc1OCCCc1ccccc1,6.207448231442838,620.2285714285714,8.744727494896694,1.8,7.354577730650908,44.2,Plasmodium falciparum K1
CHEMBL119568,Nc1ncc(Cc2ccc(OCCCOc3ccccc3)cc2)c(N)n1,6.138465589140962,727.0,8.187086643357144,6.5,5.64569943765464,2261.0,Plasmodium falciparum K1
CHEMBL119669,CCCCCOc1cc(Cc2cnc(N)nc2N)ccc1OC,6.6811543871639385,208.375,8.657577319177793,2.2,6.352421445787545,444.2,Plasmodium falciparum K1
CHEMBL22146,COc1cc(Cc2cnc(N)nc2N)ccc1OCc1ccccc1,6.2997290626435625,501.5,8.657577319177793,2.2,7.2168113089247425,60.7,Plasmodium falciparum K1
CHEMBL22811,COc1cc(Cc2cnc(N)nc2N)ccc1OCc1cc(OC)c(OC)c(OC)c1,7.551956556563326,28.057142857142857,9.221848749616356,0.6,8.060480747381382,8.7,Plasmodium falciparum K1
CHEMBL22901,CCOc1cc(Cc2cnc(N)nc2N)ccc1OCc1cc(OC)c(OC)c(OC)c1,7.666696698480502,21.542857142857144,9.522878745280337,0.3,8.657577319177793,2.2,Plasmodium falciparum K1
CHEMBL120123,COc1cc(Cc2c(C)nc(N)nc2N)ccc1OCc1ccccc1,7.19962664510865,63.150000000000006,8.468521082957745,3.4,7.029653123769907,93.4,Plasmodium falciparum K1
CHEMBL118870,CCCCCOc1ccc(Cc2cnc(N)nc2N)cc1,6.3979400086720375,400.0,8.065501548756432,8.6,6.038768802955337,914.6,Plasmodium falciparum K1
CHEMBL419231,CCCOc1cc(Cc2cnc(N)nc2N)ccc1OC,6.553657035175222,279.475,8.744727494896694,1.8,6.036401037402759,919.6,Plasmodium falciparum K1
CHEMBL332013,CCOc1ccc(Cc2cnc(N)nc2N)cc1OC,5.409980626888151,3890.625,7.8124792791635365,15.4,4.927459689227899,11817.9,Plasmodium falciparum K1
CHEMBL279948,Cc1nc(N)nc(N)c1Cc1ccc(OCc2ccccc2)c(OCc2ccccc2)c1,7.0363470676646624,91.97142857142856,8.065501548756432,8.6,7.096910013008056,80.0,Plasmodium falciparum K1
CHEMBL115483,COc1cc(Cc2cnc(N)nc2N)ccc1OCCCOc1ccccc1,6.64694976035741,225.45,8.698970004336019,2.0,6.217670731003163,605.8,Plasmodium falciparum K1
CHEMBL36,CCc1nc(N)nc(N)c1-c1ccc(Cl)cc1,6.959362502880977,109.80888888888889,8.823908740944319,1.5,9.060480747381382,0.87,Plasmodium falciparum K1
CHEMBL21395,CCOc1cc(Cc2cnc(N)nc2N)ccc1OCc1ccccc1,6.8324295061179265,147.08571428571426,9.096910013008056,0.8,8.013228265733755,9.7,Plasmodium falciparum K1
CHEMBL7004,Cc1ccc(N2C(N)=NC(N)=NC2(C)C)cc1,6.276434878750045,529.1333333333333,8.744727494896694,1.8,8.795880017344075,1.6,Plasmodium falciparum K1
CHEMBL433204,CC(C)(C)C1N=C(N)N=C(N)N1c1ccc(Cl)cc1,4.36371776519574,43279.5,5.415895029600547,3838.0,4.082384224106796,82721.0,Plasmodium falciparum K1
CHEMBL92182,Cc1ccc(N2C(N)=NC(N)=NC2C)cc1,6.982966660701219,104.0,7.638272163982407,23.0,6.732828271596986,185.0,Plasmodium falciparum K1
CHEMBL89959,CCC1N=C(N)N=C(N)N1c1ccc(C)cc1,7.174249418651972,66.95,8.229147988357855,5.9,6.892790030352131,128.0,Plasmodium falciparum K1
CHEMBL90292,CCCCC1N=C(N)N=C(N)N1c1ccc(Cl)cc1,7.068796474549248,85.35,8.431798275933005,3.7,6.777283528852417,167.0,Plasmodium falciparum K1
CHEMBL93153,CC1N=C(N)N=C(N)N1c1ccc(Cl)c(Cl)c1,8.017728766960431,9.6,8.853871964321762,1.4,7.7495799976911055,17.8,Plasmodium falciparum K1
CHEMBL94281,CC(C)C1N=C(N)N=C(N)N1c1ccc(Br)cc1,6.21289390696343,612.5,7.522878745280337,30.0,5.922632094715843,1195.0,Plasmodium falciparum K1
CHEMBL93001,NC1=NCN(c2ccc(F)cc2)C(N)=N1,6.5596157451671155,275.6666666666667,6.568636235841012,270.0,7.055517327849831,88.0,Plasmodium falciparum K1
CHEMBL90703,CCCC1N=C(N)N=C(N)N1c1ccc(Cl)cc1,7.253365801062421,55.8,8.337242168318426,4.6,6.97061622231479,107.0,Plasmodium falciparum K1
CHEMBL90358,Cc1ccc(N2C(N)=NC(N)=NC2C(C)C)cc1,6.089642442727122,813.5,6.777283528852417,167.0,5.835647144215563,1460.0,Plasmodium falciparum K1
CHEMBL93484,CC1N=C(N)N=C(N)N1c1ccc(Cl)cc1,6.201132409462645,629.3142857142857,8.387216143280265,4.1,6.896196279044043,127.0,Plasmodium falciparum K1
CHEMBL93974,NC1=NC(c2ccccc2)N(c2ccc(Cl)c(Cl)c2)C(N)=N1,8.200659450546418,6.3,8.795880017344075,1.6,7.958607314841775,11.0,Plasmodium falciparum K1
CHEMBL92583,CC1(C)N=C(N)N=C(N)N1c1ccc(Cl)c(Cl)c1,7.3535962737769305,44.29999999999999,8.958607314841775,1.1,8.958607314841775,1.1,Plasmodium falciparum K1
CHEMBL93893,NC1=NC(c2ccccc2)N(c2ccc(Br)cc2)C(N)=N1,7.333014281670339,46.45,8.537602002101044,2.9,7.045757490560675,90.0,Plasmodium falciparum K1
CHEMBL6742,CC1(C)N=C(N)N=C(N)N1c1ccccc1,6.291012874906457,511.6666666666667,7.698970004336019,20.0,6.853871964321762,140.0,Plasmodium falciparum K1
CHEMBL13636,CC1N=C(N)N=C(N)N1c1cccc(Cl)c1,7.74300751450242,18.071428571428573,7.991399828238082,10.2,7.4089353929735005,39.0,Plasmodium falciparum K1
CHEMBL7005,CC1(C)N=C(N)N=C(N)N1c1ccc(F)cc1,6.220018922060499,602.5333333333333,8.337242168318426,4.6,6.769551078621726,170.0,Plasmodium falciparum K1
CHEMBL6741,CC1(C)N=C(N)N=C(N)N1c1ccc(Br)cc1,6.1872425719292465,649.7666666666667,8.958607314841775,1.1,8.920818753952375,1.2,Plasmodium falciparum K1
CHEMBL93889,NC1=NC(c2ccccc2)N(c2ccc(Cl)cc2)C(N)=N1,6.1818401136028145,657.9,8.346787486224656,4.5,7.30715308072277,49.3,Plasmodium falciparum K1
CHEMBL443013,CCCC1N=C(N)N=C(N)N1c1ccc(C)cc1,6.996324097451216,100.85,7.863279432843593,13.7,6.7258421507363195,188.0,Plasmodium falciparum K1
CHEMBL92846,NC1=NCN(c2ccccc2)C(N)=N1,6.47755576649368,333.0,6.482804102050025,329.0,7.070581074285707,85.0,Plasmodium falciparum K1
CHEMBL90018,NC1=NCN(c2ccc(Cl)cc2)C(N)=N1,6.65024342599666,223.74666666666667,7.61261017366127,24.4,9.075720713938118,0.84,Plasmodium falciparum K1
CHEMBL93888,CCCC1N=C(N)N=C(N)N1c1ccc(Br)cc1,7.188424994129407,64.8,8.585026652029182,2.6,6.896196279044043,127.0,Plasmodium falciparum K1
CHEMBL329687,NC1=NC(c2ccccc2)N(c2cccc(Cl)c2)C(N)=N1,6.712870379280889,193.70000000000002,7.931814138253838,11.7,7.978810700930062,10.5,Plasmodium falciparum K1
CHEMBL90461,CCC1N=C(N)N=C(N)N1c1ccc(Br)cc1,6.983593499128882,103.85,8.244125144327509,5.7,6.694648630553376,202.0,Plasmodium falciparum K1
CHEMBL92047,CCC1N=C(N)N=C(N)N1c1ccc(Cl)cc1,7.016373712875465,96.3,8.443697499232712,3.6,6.723538195826755,189.0,Plasmodium falciparum K1
CHEMBL91345,Cc1ccc(N2C(N)=NC(N)=NC2c2ccccc2)cc1,7.051342567858679,88.85,8.113509274827518,7.7,6.769551078621726,170.0,Plasmodium falciparum K1
CHEMBL264392,CC(C)C1N=C(N)N=C(N)N1c1ccc(Cl)cc1,6.0973173550562745,799.25,7.218244625347531,60.5,5.813043664534588,1538.0,Plasmodium falciparum K1
CHEMBL93748,CC1N=C(N)N=C(N)N1c1ccc(Br)cc1,6.983593499128882,103.85,8.244125144327509,5.7,6.694648630553376,202.0,Plasmodium falciparum K1
CHEMBL7130,CC1(C)N=C(N)N=C(N)N1c1cccc(Cl)c1,7.007722698218582,98.2375,8.431798275933005,3.7,7.045757490560675,90.0,Plasmodium falciparum K1
CHEMBL365894,N/C(=N/O)c1ccc(Oc2c(Cl)cncc2Cl)cc1,4.751221284624212,17732.85714285714,4.598599459218456,25200.0,6.031517051446064,930.0,Plasmodium falciparum K1
CHEMBL95274,N/C(=N\O)c1ccc(CNC(=O)c2ccc(Cl)cc2)cc1,4.319276087857594,47942.857142857145,4.112382699664264,77200.0,5.823908740944319,1500.0,Plasmodium falciparum K1
CHEMBL97598,C/C(=N\N=C(/N)S)c1ccc(Oc2c(Cl)cncc2Cl)cc1,5.93128418763054,1171.4285714285713,6.045757490560675,900.0,5.853871964321762,1400.0,Plasmodium falciparum K1
CHEMBL94470,N=C(S)N/N=C/c1ccc(Oc2ncc(C(F)(F)F)cc2Cl)cc1,4.94692155651658,11300.0,5.2839966563652006,5200.0,5.045757490560675,9000.0,Plasmodium falciparum K1
CHEMBL243185,NC(=S)N/N=C/c1ccccc1,4.52432881167557,29900.0,4.627087997029894,23600.0,4.508638306165727,31000.0,Plasmodium falciparum K1
CHEMBL95609,N/C(=N\O)c1cccc(CS(=O)(=O)c2ccc(Cl)cc2)c1,4.225691629127479,59471.42857142857,3.991399828238082,102000.0,6.096910013008056,800.0,Plasmodium falciparum K1
CHEMBL186838,N/C(=N/O)c1ccc(Oc2cc(Cl)cc(Cl)c2)c([N+](=O)[O-])c1,4.804891412439546,15671.42857142857,5.619788758288394,2400.0,5.769551078621726,1700.0,Plasmodium falciparum K1
CHEMBL95783,N/N=C(\S)Nc1ccc(OCc2ccccc2)cc1,4.725182629756266,18828.571428571428,4.863279432843593,13700.0,5.698970004336019,2000.0,Plasmodium falciparum K1
CHEMBL95615,C=CCNC(=S)NNC(=O)c1cccn(Cc2cccc(Cl)c2)c1=O,5.013164309547511,9701.42857142857,4.818156412055227,15200.0,6.3872161432802645,410.0,Plasmodium falciparum K1
CHEMBL323554,C/N=C(\S)NNC(=O)c1cccn(Cc2cccc(Cl)c2)c1=O,5.066946789630613,8571.42857142857,4.94692155651658,11300.0,6.045757490560675,900.0,Plasmodium falciparum K1
CHEMBL95567,NNc1nc2ccccc2nc1NN,5.240871986929786,5742.857142857143,5.443697499232712,3600.0,5.065501548756432,8600.0,Plasmodium falciparum K1
CHEMBL95725,COC(=O)c1sccc1-c1ccc(/C(C)=N/NC(N)=O)o1,4.87942606879415,13200.0,5.013228265733755,9700.0,4.698970004336019,20000.0,Plasmodium falciparum K1
CHEMBL280410,COc1cc(COc2cc(Cc3cnc(N)nc3N)ccc2OCc2ccccc2)cc(OC)c1OC,6.635449004646028,231.5,7.91721462968355,12.1,6.29860473098608,502.8,Plasmodium falciparum K1
CHEMBL21799,CCc1nc(N)nc(N)c1-c1ccc(Cl)c(Cl)c1,7.818549454930459,15.186250000000001,9.0,1.0,9.102372908709558,0.79,Plasmodium falciparum K1
CHEMBL279492,Nc1ncc(-c2ccc(Cl)cc2)c(N)n1,6.634680524103784,231.90999999999997,8.619788758288394,2.4,9.130768280269024,0.74,Plasmodium falciparum K1
CHEMBL279986,CCc1nc(N)nc(N)c1-c1ccc(-c2ccccc2)cc1,6.446906213562814,357.35,6.7258421507363195,188.0,7.045757490560675,90.0,Plasmodium falciparum K1
CHEMBL22405,COC(=O)CCCc1nc(N)nc(N)c1-c1ccc(Cl)cc1,7.140156471992709,72.4175,9.522878745280337,0.3,9.853871964321762,0.14,Plasmodium falciparum K1
CHEMBL22271,CCOc1c(Br)cc(-c2c(N)nc(N)nc2CC)cc1Br,6.6048047015078595,248.425,8.154901959985743,7.0,7.431798275933005,37.0,Plasmodium falciparum K1
CHEMBL21494,COC(=O)CCCc1nc(N)nc(N)c1-c1cccc(Cl)c1,8.812882336716275,1.5385714285714285,9.301029995663981,0.5,8.568636235841012,2.7,Plasmodium falciparum K1
CHEMBL282275,CCc1nc(N)nc(N)c1-c1ccc(Br)cc1,7.715907809357166,19.235,9.522878745280337,0.3,9.075720713938118,0.84,Plasmodium falciparum K1
CHEMBL22693,Nc1nc(N)c(-c2ccccc2)c(CCCc2ccccc2)n1,8.765916793966632,1.7142857142857142,9.301029995663981,0.5,8.327902142064282,4.7,Plasmodium falciparum K1
CHEMBL21357,Cc1nc(N)nc(N)c1-c1ccc(Cl)cc1,7.206663697327847,62.135,8.698970004336019,2.0,9.075720713938118,0.84,Plasmodium falciparum K1
CHEMBL21691,Nc1nc(N)c(-c2ccc(Cl)cc2)c(CCCc2ccccc2)n1,7.4445427827953505,35.93,9.154901959985743,0.7,9.130768280269024,0.74,Plasmodium falciparum K1
CHEMBL278813,COc1ccc(CCCc2nc(N)nc(N)c2-c2cccc(Cl)c2)cc1,8.40340290437354,3.95,8.657577319177793,2.2,7.958607314841775,11.0,Plasmodium falciparum K1
CHEMBL21778,CCc1nc(N)nc(N)c1-c1ccc(C)cc1,7.294456997501907,50.7625,9.397940008672037,0.4,8.958607314841775,1.1,Plasmodium falciparum K1
CHEMBL21885,CCc1nc(N)nc(N)c1-c1ccc(C(C)(C)C)cc1,7.313207377128215,48.6175,9.221848749616356,0.6,9.113509274827518,0.77,Plasmodium falciparum K1
CHEMBL22403,Nc1nc(N)c(-c2cccc(Cl)c2)c(CCOCCCOc2ccccc2)n1,8.576754126063193,2.65,9.397940008672037,0.4,7.886056647693163,13.0,Plasmodium falciparum K1
CHEMBL25112,Nc1ncc(Cc2ccc(OCCCOc3cc(Cl)c(Cl)cc3Cl)cc2)c(N)n1,7.674347529427687,21.166666666666668,9.045757490560675,0.9,7.407823242604133,39.1,Plasmodium falciparum K1
CHEMBL281412,CCc1nc(N)nc(N)c1-c1ccc(OC)cc1,7.497572880015567,31.8,9.045757490560675,0.9,8.886056647693163,1.3,Plasmodium falciparum K1
CHEMBL22148,CCc1nc(N)nc(N)c1-c1ccccc1,7.653158230357748,22.225,8.638272163982407,2.3,7.0,100.0,Plasmodium falciparum K1
CHEMBL434771,CCc1nc(N)nc(N)c1-c1ccc2c(c1)OCO2,7.18351012927822,65.5375,8.958607314841775,1.1,7.142667503568731,72.0,Plasmodium falciparum K1
CHEMBL22357,CCc1nc(N)nc(N)c1-c1ccc(Cl)cc1Cl,6.235110596118604,581.9549999999999,7.899629454882437,12.6,9.036212172654444,0.92,Plasmodium falciparum K1
CHEMBL21408,Cc1nc(N)nc(N)c1-c1ccccc1,7.339134521996131,45.8,7.962573502059376,10.9,6.958607314841775,110.0,Plasmodium falciparum K1
CHEMBL416552,CCCCCCc1nc(N)nc(N)c1-c1ccccc1,8.726998727936262,1.875,9.522878745280337,0.3,8.0,10.0,Plasmodium falciparum K1
CHEMBL21690,Nc1ncc(-c2ccccc2)c(N)n1,7.126243578296644,74.775,7.377785977033705,41.9,7.0,100.0,Plasmodium falciparum K1
CHEMBL21414,Nc1ncc(-c2cccc(Cl)c2)c(N)n1,7.458420756053419,34.8,8.200659450546418,6.3,7.1249387366083,75.0,Plasmodium falciparum K1
CHEMBL21921,Nc1nc(N)c(-c2cccc(Cl)c2)c(CCCc2ccccc2)n1,8.141162148571414,7.225,8.920818753952375,1.2,7.376750709602099,42.0,Plasmodium falciparum K1
CHEMBL22039,Cc1nc(N)nc(N)c1-c1cccc(Cl)c1,7.8117748272947205,15.425,8.721246399047171,1.9,7.080921907623926,83.0,Plasmodium falciparum K1
CHEMBL21407,COC(=O)CCCc1nc(N)nc(N)c1-c1ccccc1,8.119186407719209,7.6,9.221848749616356,0.6,8.0,10.0,Plasmodium falciparum K1
CHEMBL22129,CCc1nc(N)nc(N)c1-c1ccc(OCc2ccc(Cl)cc2Cl)c(OC)c1,7.734003629504921,18.45,9.0,1.0,8.017728766960431,9.6,Plasmodium falciparum K1
CHEMBL279509,COc1cc(Cc2cnc(N)nc2N)cc(OC)c1OCc1ccccc1,7.337242168318426,46.0,8.3767507096021,4.2,7.1432711096171175,71.9,Plasmodium falciparum K1
CHEMBL161117,NC1=NC(c2cccc(Oc3ccccc3)c2)N(c2cccc(Cl)c2)C(N)=N1,8.525783735923746,2.98,8.958607314841775,1.1,8.602059991327963,2.5,Plasmodium falciparum K1
CHEMBL346932,Nc1nc(N)c(-c2cccc(Cl)c2)c(CCCOC(=O)c2ccccc2)n1,8.775985188627136,1.675,8.823908740944319,1.5,8.443697499232712,3.6,Plasmodium falciparum K1
CHEMBL158639,CCCC1(C)N=C(N)N=C(N)N1c1cccc(Cl)c1,6.952491494405988,111.55999999999999,8.337242168318426,4.6,6.326979092871104,471.0,Plasmodium falciparum K1
CHEMBL346982,CCCOc1ccc(C2N=C(N)N=C(N)N2c2cccc(Cl)c2)cc1,8.446116973356126,3.5799999999999996,8.481486060122112,3.3,8.031517051446064,9.3,Plasmodium falciparum K1
CHEMBL352195,NC1=NC(c2cccc(Oc3ccc(Cl)cc3)c2)N(c2ccc(Cl)cc2)C(N)=N1,7.135014539340206,73.28,8.853871964321762,1.4,8.1249387366083,7.5,Plasmodium falciparum K1
CHEMBL161757,NC1=NC(c2cccc(Oc3cc(Cl)cc(Cl)c3)c2)N(c2cccc(Cl)c2)C(N)=N1,8.665546248849068,2.16,8.744727494896694,1.8,8.327902142064282,4.7,Plasmodium falciparum K1
CHEMBL159052,NC1=NC(c2cccc(OCCCOc3cc(Cl)c(Cl)cc3Cl)c2)N(c2cccc(Cl)c2)C(N)=N1,8.51427857351842,3.06,8.397940008672037,4.0,8.585026652029182,2.6,Plasmodium falciparum K1
CHEMBL444605,CC(=O)OCCCc1nc(N)nc(N)c1-c1cccc(Cl)c1,8.005462895701502,9.875,8.508638306165727,3.1,7.503070351926786,31.4,Plasmodium falciparum K1
CHEMBL354011,NC1=NC(c2cccc(OCc3ccccc3)c2)N(c2cccc(Cl)c2)C(N)=N1,8.397940008672037,4.0,8.638272163982407,2.3,8.494850021680094,3.2,Plasmodium falciparum K1
CHEMBL161009,CCCCCCC1(C)N=C(N)N=C(N)N1c1cccc(Cl)c1,7.562566556202029,27.380000000000003,8.619788758288394,2.4,6.995678626217357,101.0,Plasmodium falciparum K1
CHEMBL347190,CC(=O)OCCCc1nc(N)nc(N)c1-c1ccccc1,7.169732199066358,67.65,7.97469413473523,10.6,6.625251653989896,237.0,Plasmodium falciparum K1
CHEMBL158054,CCCC1(C)N=C(N)N=C(N)N1c1ccc(Cl)cc1,5.4466389255053125,3575.7,8.455931955649724,3.5,5.034845354013075,9229.0,Plasmodium falciparum K1
CHEMBL159032,NC1=NC(c2cccc(Oc3ccccc3)c2)N(c2ccc(Cl)cc2)C(N)=N1,7.099305225547602,79.56,9.301029995663981,0.5,8.568636235841012,2.7,Plasmodium falciparum K1
CHEMBL158691,CC(C)C1(C)N=C(N)N=C(N)N1c1cccc(Cl)c1,6.209926051573696,616.7,7.5934598195660445,25.5,5.662141570958905,2177.0,Plasmodium falciparum K1
CHEMBL345146,CC(C)C1(C)N=C(N)N=C(N)N1c1ccc(Cl)cc1,4.896055241731906,12704.125,7.437707135543525,36.5,4.348809241425956,44791.0,Plasmodium falciparum K1
CHEMBL161451,NC1=NC(c2ccc(Oc3ccccc3)cc2)N(c2cccc(Cl)c2)C(N)=N1,8.928117992693874,1.1800000000000002,9.154901959985743,0.7,8.568636235841012,2.7,Plasmodium falciparum K1
CHEMBL351099,NC1=NC(c2cccc(OCc3ccccc3)c2)N(c2ccc(Cl)cc2)C(N)=N1,6.485213251929535,327.18,9.154901959985743,0.7,8.207608310501746,6.2,Plasmodium falciparum K1
CHEMBL159040,Nc1nc(N)c(-c2ccccc2)c(CCCO)n1,6.691702434055085,203.375,7.070581074285707,85.0,6.260427655549908,549.0,Plasmodium falciparum K1
CHEMBL422005,Nc1nc(N)c(-c2cccc(Cl)c2)c(CCCO)n1,7.6130553756294255,24.375,8.036212172654444,9.2,7.2441251443275085,57.0,Plasmodium falciparum K1
CHEMBL352441,Nc1nc(N)c(-c2cccc(Cl)c2)c(CCCOC(=O)OCc2ccccc2)n1,8.775985188627136,1.675,8.920818753952375,1.2,8.443697499232712,3.6,Plasmodium falciparum K1
CHEMBL158570,NC1=NC(c2cccc(Oc3ccc(Cl)cc3)c2)N(c2cccc(Cl)c2)C(N)=N1,8.402304814074487,3.96,8.886056647693163,1.3,8.455931955649724,3.5,Plasmodium falciparum K1
CHEMBL346963,CCCCCCCC1N=C(N)N=C(N)N1c1cccc(Cl)c1,8.76447155309245,1.72,8.568636235841012,2.7,8.42021640338319,3.8,Plasmodium falciparum K1
CHEMBL348151,NC1=NC(c2cccc(Oc3cccc(C(F)(F)F)c3)c2)N(c2cccc(Cl)c2)C(N)=N1,8.478861916295964,3.3200000000000003,8.568636235841012,2.7,8.187086643357144,6.5,Plasmodium falciparum K1
CHEMBL162126,Nc1nc(N)c(-c2ccccc2)c(CCCOC(=O)c2ccccc2)n1,8.2839966563652,5.2,8.468521082957745,3.4,7.853871964321762,14.0,Plasmodium falciparum K1
CHEMBL161673,CCCCCCC1(C)N=C(N)N=C(N)N1c1ccc(Cl)cc1,6.666391532411707,215.58,9.221848749616356,0.6,6.019996628416253,955.0,Plasmodium falciparum K1
CHEMBL161034,NC1=NC(c2ccc(Oc3ccccc3)cc2)N(c2ccc(Cl)cc2)C(N)=N1,7.096367483915762,80.1,9.397940008672037,0.4,8.42021640338319,3.8,Plasmodium falciparum K1
CHEMBL129788,CC1(C)N=C(N)N=C(N)N1OCCCOc1cc(Cl)c(Cl)cc1Cl,8.958607314841775,1.1,8.958607314841775,1.1,8.958607314841775,1.1,Plasmodium falciparum K1
CHEMBL185800,Cc1cc2nc3n(c2cc1C)C(C)(C)NC(N)=N3,6.7447274948966935,180.0,6.7447274948966935,180.0,6.7447274948966935,180.0,Plasmodium falciparum K1
CHEMBL365481,Cc1[nH]c(N)cc2nc3ccccc3c1-2,5.638272163982407,2300.0,5.638272163982407,2300.0,5.638272163982407,2300.0,Plasmodium falciparum K1
